<?xml version="1.0" encoding="UTF-8"?>
<!-- (Mariadb8.0) -->
<Context>
	<!-- Implement caching_sha2_password plugin -->
	<Resource name="jdbc/mariaconn" auth="Container"
		type="javax.sql.DataSource"
		factory="org.apache.tomcat.dbcp.dbcp2.BasicDataSourceFactory"
		driverClassName="org.mariadb.jdbc.Driver"
		url="jdbc:mariadb://localhost:3306/sungjuk_test?autoReconnect=true"
		username="root" password="22gkrsus" maxActive="100" maxIdle="30"
		maxWait="10000" removeAbandoned="true" removeAbandonedTimeout="60">
	</Resource>
	
	<resource-ref>
		<description>My SQL Resource</description>
		<res-ref-name>jdbc/mariaconn</res-ref-name>
		<res-type>javax.sql.DataSource</res-type>
		<res-auth>Container</res-auth>
	</resource-ref>

</Context>

 

 

 

 

 

 

